ID;Make;Model;Year;Trim;Colors exterior;Colors interior;Body type;Total seating;Length (in);Width (in);Height (in);Wheelbase (in);Ground clearance (in);Drive type;Transmission;Engine type;Fuel type;Domestic / imported;Country of origin;Car classification
200729833;BMW;3 Series;2016;320i 4dr Sedan (2.0L 4cyl Turbo 8A);Jet Black;Black Dakota;Sedan;5;182;71;56;111;6;rear wheel drive;8-speed shiftable automatic;gas;premium unleaded (required);Imported;Germany;Compact car
200741593;BMW;3 Series;2016;320i xDrive 4dr Sedan AWD (2.0L 4cyl Turbo 8A);Jet Black;Black Dakota;Sedan;5;182;71;57;111;6;all wheel drive;8-speed shiftable automatic;gas;premium unleaded (required);Imported;Germany;Compact car
200741592;BMW;3 Series;2016;328i 4dr Sedan (2.0L 4cyl Turbo 6M);Jet Black;Venetian Beige;Sedan;5;182;71;56;111;6;rear wheel drive;6-speed manual;gas;premium unleaded (required);Imported;Germany;Compact car
200741591;BMW;3 Series;2016;328i SULEV 4dr Sedan (2.0L 4cyl Turbo 8A);Jet Black;Venetian Beige;Sedan;5;182;71;56;111;6;rear wheel drive;8-speed shiftable automatic;gas;premium unleaded (required);Imported;Germany;Compact car
200741590;BMW;3 Series;2016;328i xDrive SULEV 4dr Sedan AWD (2.0L 4cyl Turbo 8A);Jet Black;Venetian Beige;Sedan;5;182;71;57;111;6;all wheel drive;8-speed shiftable automatic;gas;premium unleaded (required);Imported;Germany;Compact car
200741587;BMW;3 Series;2016;340i 4dr Sedan (3.0L 6cyl Turbo 8A);Jet Black;Venetian Beige;Sedan;5;182;71;56;111;6;rear wheel drive;8-speed shiftable automatic;gas;premium unleaded (required);Imported;Germany;Compact car
200741586;BMW;3 Series;2016;340i xDrive 4dr Sedan AWD (3.0L 6cyl Turbo 8A);Jet Black;Venetian Beige;Sedan;5;182;71;57;111;6;all wheel drive;8-speed shiftable automatic;gas;premium unleaded (required);Imported;Germany;Compact car
200741594;BMW;3 Series;2016;328d 4dr Sedan (2.0L 4cyl Turbodiesel 8A);Jet Black;Venetian Beige;Sedan;5;182;71;56;111;6;rear wheel drive;8-speed shiftable automatic;diesel;diesel fuel;Imported;Germany;Compact car
200741588;BMW;3 Series;2016;328d xDrive 4dr Sedan AWD (2.0L 4cyl Turbodiesel 8A);Jet Black;Venetian Beige;Sedan;5;182;71;57;111;6;all wheel drive;8-speed shiftable automatic;diesel;diesel fuel;Imported;Germany;Compact car
200741589;BMW;3 Series;2016;328d xDrive 4dr Wagon AWD (2.0L 4cyl Turbodiesel 8A);Jet Black;Venetian Beige;Wagon;5;182;71;56;111;6;all wheel drive;8-speed shiftable automatic;diesel;diesel fuel;Imported;Germany;Compact car
200741585;BMW;3 Series;2016;328i xDrive 4dr Wagon AWD (2.0L 4cyl Turbo 8A);Jet Black;Venetian Beige;Wagon;5;182;71;57;111;6;all wheel drive;8-speed shiftable automatic;gas;premium unleaded (required);Imported;Germany;Compact car
401638449;BMW;3 Series;2016;330e 4dr Sedan (2.0L 4cyl Turbo gas/electric hybrid 8A);Jet Black;Black SensaTec w/Red Highlight;Sedan;5;182;71;56;111;6;rear wheel drive;8-speed shiftable automatic;hybrid;premium unleaded (required);Imported;Germany;Compact car
401566521;BMW;3 Series;2016;M3 4dr Sedan (3.0L 6cyl Turbo 6M);Mediterranean Blue Metallic;Sakhir Orange/Black Full Merino;Sedan;5;184;74;56;111;5;rear wheel drive;6-speed manual;gas;premium unleaded (required);Imported;Germany;Compact car
401729246;BMW;3 Series;2018;320i 4dr Sedan (2.0L 4cyl Turbo 8A);Black Sapphire Metallic;Black Dakota;Sedan;5;183;71;56;111;6;rear wheel drive;8-speed shiftable automatic;gas;premium unleaded (recommended);Imported;Germany;Compact car
401729240;BMW;3 Series;2018;320i xDrive 4dr Sedan AWD (2.0L 4cyl Turbo 8A);Alpine White;Black Dakota;Sedan;5;183;71;57;111;6;all wheel drive;8-speed shiftable automatic;gas;premium unleaded (recommended);Imported;Germany;Compact car
401729243;BMW;3 Series;2018;330i 4dr Sedan (2.0L 4cyl Turbo 8A);Alpine White;Black Dakota w/Dark Oyster Highlight;Sedan;5;183;71;56;111;6;rear wheel drive;8-speed shiftable automatic;gas;premium unleaded (recommended);Imported;Germany;Compact car
401729244;BMW;3 Series;2018;330i xDrive 4dr Sedan AWD (2.0L 4cyl Turbo 8A);Alpine White;Black Dakota w/Dark Oyster Highlight;Sedan;5;183;71;57;111;6;all wheel drive;8-speed shiftable automatic;gas;premium unleaded (recommended);Imported;Germany;Compact car
401729238;BMW;3 Series;2018;340i 4dr Sedan (3.0L 6cyl Turbo 8A);Alpine White;Black Dakota w/Dark Oyster Highlight;Sedan;5;183;71;56;111;6;rear wheel drive;8-speed shiftable automatic;gas;premium unleaded (recommended);Imported;Germany;Compact car
401729239;BMW;3 Series;2018;340i xDrive 4dr Sedan AWD (3.0L 6cyl Turbo 8A);Alpine White;Black Dakota w/Dark Oyster Highlight;Sedan;5;183;71;57;111;6;all wheel drive;8-speed shiftable automatic;gas;premium unleaded (recommended);Imported;Germany;Compact car
401729247;BMW;3 Series;2018;328d 4dr Sedan (2.0L 4cyl Turbodiesel 8A);Alpine White;Black Dakota w/Dark Oyster Highlight;Sedan;5;183;71;56;111;6;rear wheel drive;8-speed shiftable automatic;diesel;diesel fuel;Imported;Germany;Compact car
401729242;BMW;3 Series;2018;328d xDrive 4dr Sedan AWD (2.0L 4cyl Turbodiesel 8A);Alpine White;Black Dakota w/Dark Oyster Highlight;Sedan;5;183;71;57;111;6;all wheel drive;8-speed shiftable automatic;diesel;diesel fuel;Imported;Germany;Compact car
401729241;BMW;3 Series;2018;328d xDrive 4dr Wagon AWD (2.0L 4cyl Turbodiesel 8A);Alpine White;Black Dakota w/Dark Oyster Highlight;Wagon;5;183;71;57;111;6;all wheel drive;8-speed shiftable automatic;diesel;diesel fuel;Imported;Germany;Compact car
401729237;BMW;3 Series;2018;330i xDrive 4dr Wagon AWD (2.0L 4cyl Turbo 8A);Alpine White;Black Dakota w/Dark Oyster Highlight;Wagon;5;183;71;57;111;6;all wheel drive;8-speed shiftable automatic;gas;premium unleaded (recommended);Imported;Germany;Compact car
401729245;BMW;3 Series;2018;330e iPerformance 4dr Sedan (2.0L 4cyl Turbo gas/electric hybrid 8A);Alpine White;Black Dakota w/Dark Oyster Highlight;Sedan;5;183;71;56;111;6;rear wheel drive;8-speed shiftable automatic;hybrid;premium unleaded (recommended);Imported;Germany;Compact car
401732583;BMW;3 Series;2018;M3 4dr Sedan (3.0L 6cyl Turbo 6M);Alpine White;Black Full Merino;Sedan;5;185;74;56;111;5;rear wheel drive;6-speed manual;gas;premium unleaded (required);Imported;Germany;Compact car
401789631;BMW;3 Series;2018;M3 4dr Sedan (3.0L 6cyl Turbo 7A);Smoked Topaz Metallic;Special (Silverstone/Black);Sedan;5;184;74;56;111;5;rear wheel drive;7-speed automated manual;gas;premium unleaded (required);Imported;Germany;Compact car
401828691;BMW;3 Series;2020;330i 4dr Sedan (2.0L 4cyl Turbo 8A);Alpine White;Mocha Vernasca w/Contrast Stitching and Piping;Sedan;5;186;72;57;112;6;rear wheel drive;8-speed shiftable automatic;gas;premium unleaded (recommended);Imported;Germany;Compact car
401828692;BMW;3 Series;2020;330i xDrive 4dr Sedan AWD (2.0L 4cyl Turbo 8A);Glacier Silver Metallic;Mocha Vernasca w/Contrast Stitching and Piping;Sedan;5;186;72;57;112;5;all wheel drive;8-speed shiftable automatic;gas;premium unleaded (recommended);Imported;Germany;Compact car
401779949;BMW;3 Series;2020;M340i 4dr Sedan (3.0L 6cyl Turbo 8A);Glacier Silver Metallic;Mocha Vernasca w/Contrast Stitching and Piping;Sedan;5;186;72;56;112;5;rear wheel drive;8-speed shiftable automatic;gas;premium unleaded (recommended);Imported;Germany;Compact car
401795591;BMW;3 Series;2020;M340i xDrive 4dr Sedan AWD (3.0L 6cyl Turbo 8A);s/d;Mocha Vernasca w/Contrast Stitching and Piping;Sedan;5;186;72;57;112;5;all wheel drive;8-speed shiftable automatic;gas;premium unleaded (recommended);Imported;Germany;Compact car
401822513;Ford;F-150;2020;XL 2dr Regular Cab 6.5 ft. SB (3.3L 6cyl 6A);s/d;Dark Earth Gray;Truck;3;209;80;76;122;9;rear wheel drive;6-speed shiftable automatic;gas;regular unleaded;Domestic;United States;Full-size pickup truck
401822514;Ford;F-150;2020;XL 2dr Regular Cab 8 ft. LB (3.3L 6cyl 6A);Iconic Silver Metallic;Dark Earth Gray;Truck;3;228;80;75;141;9;rear wheel drive;6-speed shiftable automatic;gas;regular unleaded;Domestic;United States;Full-size pickup truck
401822520;Ford;F-150;2020;XL 2dr Regular Cab 4WD 6.5 ft. SB (3.3L 6cyl 6A);Iconic Silver Metallic;Dark Earth Gray;Truck;3;209;80;77;122;9;four wheel drive;6-speed shiftable automatic;gas;regular unleaded;Domestic;United States;Full-size pickup truck
401822518;Ford;F-150;2020;XL 2dr Regular Cab 4WD 8 ft. LB (3.3L 6cyl 6A);Iconic Silver Metallic;Dark Earth Gray;Truck;3;228;80;77;141;9;four wheel drive;6-speed shiftable automatic;gas;regular unleaded;Domestic;United States;Full-size pickup truck
401822519;Ford;F-150;2020;XLT 2dr Regular Cab 6.5 ft. SB (3.3L 6cyl 6A);Iconic Silver Metallic;Medium Light Camel;Truck;3;209;80;76;122;9;rear wheel drive;6-speed shiftable automatic;gas;regular unleaded;Domestic;United States;Full-size pickup truck
401822516;Ford;F-150;2020;XLT 2dr Regular Cab 8 ft. LB (3.3L 6cyl 6A);Iconic Silver Metallic;Medium Light Camel;Truck;3;228;80;75;141;9;rear wheel drive;6-speed shiftable automatic;gas;regular unleaded;Domestic;United States;Full-size pickup truck
401822517;Ford;F-150;2020;XLT 2dr Regular Cab 4WD 6.5 ft. SB (3.3L 6cyl 6A);Iconic Silver Metallic;Medium Light Camel;Truck;3;209;80;77;122;9;four wheel drive;6-speed shiftable automatic;gas;regular unleaded;Domestic;United States;Full-size pickup truck
401822515;Ford;F-150;2020;XLT 2dr Regular Cab 4WD 8 ft. LB (3.3L 6cyl 6A);Iconic Silver Metallic;Medium Light Camel;Truck;3;228;80;77;141;9;four wheel drive;6-speed shiftable automatic;gas;regular unleaded;Domestic;United States;Full-size pickup truck
401822561;Ford;F-150;2020;XL 4dr SuperCab 6.5 ft. SB (3.3L 6cyl 6A);Oxford White/Magnetic Metallic;Black;Truck;6;232;80;76;145;9;rear wheel drive;6-speed shiftable automatic;gas;regular unleaded;Domestic;United States;Full-size pickup truck
401822562;Ford;F-150;2020;XL 4dr SuperCab 8 ft. LB (2.7L 6cyl Turbo 10A);Iconic Silver Metallic;Dark Earth Gray;Truck;6;251;80;76;164;9;rear wheel drive;10-speed shiftable automatic;gas;regular unleaded;Domestic;United States;Full-size pickup truck
401822570;Ford;F-150;2020;XL 4dr SuperCab 4WD 6.5 ft. SB (3.3L 6cyl 6A);Iconic Silver Metallic;Black;Truck;6;232;80;77;145;9;four wheel drive;6-speed shiftable automatic;gas;regular unleaded;Domestic;United States;Full-size pickup truck
401822565;Ford;F-150;2020;XL 4dr SuperCab 4WD 8 ft. LB (5.0L 8cyl 10A);Iconic Silver Metallic;Dark Earth Gray;Truck;6;251;80;77;164;9;four wheel drive;10-speed shiftable automatic;flex-fuel (FFV);flex-fuel (unleaded/E85);Domestic;United States;Full-size pickup truck
401822572;Ford;F-150;2020;XLT 4dr SuperCab 6.5 ft. SB (3.3L 6cyl 6A);Iconic Silver Metallic;Black;Truck;6;232;80;76;145;9;rear wheel drive;6-speed shiftable automatic;gas;regular unleaded;Domestic;United States;Full-size pickup truck
401822569;Ford;F-150;2020;XLT 4dr SuperCab 8 ft. LB (2.7L 6cyl Turbo 10A);Oxford White/Magnetic Metallic;Medium Light Camel;Truck;6;251;80;76;164;9;rear wheel drive;10-speed shiftable automatic;gas;regular unleaded;Domestic;United States;Full-size pickup truck
401822566;Ford;F-150;2020;XLT 4dr SuperCab 4WD 6.5 ft. SB (3.3L 6cyl 6A);Oxford White/Magnetic Metallic;Black;Truck;6;232;80;77;145;9;four wheel drive;6-speed shiftable automatic;gas;regular unleaded;Domestic;United States;Full-size pickup truck
401822571;Ford;F-150;2020;XLT 4dr SuperCab 4WD 8 ft. LB (5.0L 8cyl 10A);Oxford White/Magnetic Metallic;Medium Light Camel;Truck;6;251;80;77;164;9;four wheel drive;10-speed shiftable automatic;flex-fuel (FFV);flex-fuel (unleaded/E85);Domestic;United States;Full-size pickup truck
401822567;Ford;F-150;2020;Lariat 4dr SuperCab 6.5 ft. SB (2.7L 6cyl Turbo 10A);Oxford White/Magnetic Metallic;Medium Earth Gray;Truck;6;232;80;76;145;9;rear wheel drive;10-speed shiftable automatic;gas;regular unleaded;Domestic;United States;Full-size pickup truck
401822564;Ford;F-150;2020;Lariat 4dr SuperCab 8 ft. LB (2.7L 6cyl Turbo 10A);Rapid Red Metallic Tinted Clearcoat/Stone Gray Metallic;Medium Earth Gray;Truck;6;251;80;76;164;9;rear wheel drive;10-speed shiftable automatic;gas;regular unleaded;Domestic;United States;Full-size pickup truck
401822568;Ford;F-150;2020;Lariat 4dr SuperCab 4WD 6.5 ft. SB (2.7L 6cyl Turbo 10A);Rapid Red Metallic Tinted Clearcoat/Stone Gray Metallic;Medium Earth Gray;Truck;6;232;80;77;145;9;four wheel drive;10-speed shiftable automatic;gas;regular unleaded;Domestic;United States;Full-size pickup truck
401822563;Ford;F-150;2020;Lariat 4dr SuperCab 4WD 8 ft. LB (5.0L 8cyl 10A);Rapid Red Metallic Tinted Clearcoat/Stone Gray Metallic;Medium Earth Gray;Truck;6;251;80;77;164;9;four wheel drive;10-speed shiftable automatic;flex-fuel (FFV);flex-fuel (unleaded/E85);Domestic;United States;Full-size pickup truck
401822613;Ford;F-150;2020;Raptor 4dr SuperCab 4WD (3.5L 6cyl Turbo 10A);Rapid Red Metallic Tinted Clearcoat/Stone Gray Metallic;Black w/Blue Accents;Truck;5;220;86;79;134;12;four wheel drive;10-speed shiftable automatic;gas;regular unleaded;Domestic;United States;Full-size pickup truck
401822593;Ford;F-150;2020;XL 4dr SuperCrew 5.5 ft. SB (3.3L 6cyl 6A);Rapid Red Metallic Tinted Clearcoat;Black;Truck;6;232;80;76;145;9;rear wheel drive;6-speed shiftable automatic;gas;regular unleaded;Domestic;United States;Full-size pickup truck
401822594;Ford;F-150;2020;XL 4dr SuperCrew 6.5 ft. SB (2.7L 6cyl Turbo 10A);Iconic Silver Metallic;Black;Truck;6;244;80;76;157;8;rear wheel drive;10-speed shiftable automatic;gas;regular unleaded;Domestic;United States;Full-size pickup truck
401822598;Ford;F-150;2020;XL 4dr SuperCrew 4WD 5.5 ft. SB (3.3L 6cyl 6A);Iconic Silver Metallic;Black;Truck;6;232;80;77;145;9;four wheel drive;6-speed shiftable automatic;gas;regular unleaded;Domestic;United States;Full-size pickup truck
401822595;Ford;F-150;2020;XL 4dr SuperCrew 4WD 6.5 ft. SB (5.0L 8cyl 10A);Iconic Silver Metallic;Black;Truck;6;244;80;77;157;9;four wheel drive;10-speed shiftable automatic;flex-fuel (FFV);flex-fuel (unleaded/E85);Domestic;United States;Full-size pickup truck
401822604;Ford;F-150;2020;XLT 4dr SuperCrew 5.5 ft. SB (3.3L 6cyl 6A);Iconic Silver Metallic;Black;Truck;6;232;80;76;145;9;rear wheel drive;6-speed shiftable automatic;gas;regular unleaded;Domestic;United States;Full-size pickup truck
401822601;Ford;F-150;2020;XLT 4dr SuperCrew 6.5 ft. SB (2.7L 6cyl Turbo 10A);Oxford White/Magnetic Metallic;Black;Truck;6;244;80;76;157;8;rear wheel drive;10-speed shiftable automatic;gas;regular unleaded;Domestic;United States;Full-size pickup truck
401822600;Ford;F-150;2020;XLT 4dr SuperCrew 4WD 5.5 ft. SB (3.3L 6cyl 6A);Oxford White/Magnetic Metallic;Black;Truck;6;232;80;77;145;9;four wheel drive;6-speed shiftable automatic;gas;regular unleaded;Domestic;United States;Full-size pickup truck
401822603;Ford;F-150;2020;XLT 4dr SuperCrew 4WD 6.5 ft. SB (5.0L 8cyl 10A);Oxford White/Magnetic Metallic;Black;Truck;6;244;80;77;157;9;four wheel drive;10-speed shiftable automatic;flex-fuel (FFV);flex-fuel (unleaded/E85);Domestic;United States;Full-size pickup truck
401822599;Ford;F-150;2020;Lariat 4dr SuperCrew 5.5 ft. SB (2.7L 6cyl Turbo 10A);Oxford White/Magnetic Metallic;Black;Truck;6;232;80;76;145;9;rear wheel drive;10-speed shiftable automatic;gas;regular unleaded;Domestic;United States;Full-size pickup truck
401822597;Ford;F-150;2020;Lariat 4dr SuperCrew 6.5 ft. SB (2.7L 6cyl Turbo 10A);Rapid Red Metallic Tinted Clearcoat/Stone Gray Metallic;Black;Truck;6;244;80;76;157;8;rear wheel drive;10-speed shiftable automatic;gas;regular unleaded;Domestic;United States;Full-size pickup truck
401822602;Ford;F-150;2020;Lariat 4dr SuperCrew 4WD 5.5 ft. SB (2.7L 6cyl Turbo 10A);Rapid Red Metallic Tinted Clearcoat/Stone Gray Metallic;Medium Light Camel;Truck;6;232;80;77;145;9;four wheel drive;10-speed shiftable automatic;gas;regular unleaded;Domestic;United States;Full-size pickup truck
401822596;Ford;F-150;2020;Lariat 4dr SuperCrew 4WD 6.5 ft. SB (5.0L 8cyl 10A);Star White Metallic Tri-Coat;Medium Light Camel;Truck;6;244;80;77;157;9;four wheel drive;10-speed shiftable automatic;flex-fuel (FFV);flex-fuel (unleaded/E85);Domestic;United States;Full-size pickup truck
401822608;Ford;F-150;2020;King Ranch 4dr SuperCrew 5.5 ft. SB (5.0L 8cyl 10A);Star White Metallic Tri-Coat;Java;Truck;5;232;80;76;145;9;rear wheel drive;10-speed shiftable automatic;flex-fuel (FFV);flex-fuel (unleaded/E85);Domestic;United States;Full-size pickup truck
401822606;Ford;F-150;2020;King Ranch 4dr SuperCrew 6.5 ft. SB (5.0L 8cyl 10A);Rapid Red Metallic Tinted Clearcoat/Stone Gray Metallic;Java;Truck;5;244;80;76;157;8;rear wheel drive;10-speed shiftable automatic;flex-fuel (FFV);flex-fuel (unleaded/E85);Domestic;United States;Full-size pickup truck
401822612;Ford;F-150;2020;King Ranch 4dr SuperCrew 4WD 5.5 ft. SB (5.0L 8cyl 10A);Rapid Red Metallic Tinted Clearcoat/Stone Gray Metallic;Java;Truck;5;232;80;77;145;9;four wheel drive;10-speed shiftable automatic;flex-fuel (FFV);flex-fuel (unleaded/E85);Domestic;United States;Full-size pickup truck
401822605;Ford;F-150;2020;King Ranch 4dr SuperCrew 4WD 6.5 ft. SB (5.0L 8cyl 10A);Rapid Red Metallic Tinted Clearcoat/Stone Gray Metallic;Java;Truck;5;244;80;77;157;9;four wheel drive;10-speed shiftable automatic;flex-fuel (FFV);flex-fuel (unleaded/E85);Domestic;United States;Full-size pickup truck
401822607;Ford;F-150;2020;Platinum 4dr SuperCrew 5.5 ft. SB (5.0L 8cyl 10A);Rapid Red Metallic Tinted Clearcoat/Stone Gray Metallic;Black;Truck;5;232;80;76;145;9;rear wheel drive;10-speed shiftable automatic;flex-fuel (FFV);flex-fuel (unleaded/E85);Domestic;United States;Full-size pickup truck
401822616;Ford;F-150;2020;Platinum 4dr SuperCrew 6.5 ft. SB (5.0L 8cyl 10A);Magma Red Metallic;Black;Truck;5;244;80;76;157;8;rear wheel drive;10-speed shiftable automatic;flex-fuel (FFV);flex-fuel (unleaded/E85);Domestic;United States;Full-size pickup truck
401822614;Ford;F-150;2020;Platinum 4dr SuperCrew 4WD 5.5 ft. SB (5.0L 8cyl 10A);Magma Red Metallic;Black;Truck;5;232;80;77;145;9;four wheel drive;10-speed shiftable automatic;flex-fuel (FFV);flex-fuel (unleaded/E85);Domestic;United States;Full-size pickup truck
401822609;Ford;F-150;2020;Platinum 4dr SuperCrew 4WD 6.5 ft. SB (5.0L 8cyl 10A);Iconic Silver Metallic;Black;Truck;5;244;80;77;157;9;four wheel drive;10-speed shiftable automatic;flex-fuel (FFV);flex-fuel (unleaded/E85);Domestic;United States;Full-size pickup truck
401822610;Ford;F-150;2020;Raptor 4dr SuperCrew 4WD (3.5L 6cyl Turbo 10A);Iconic Silver Metallic;Black w/Blue Accents;Truck;5;232;86;79;146;12;four wheel drive;10-speed shiftable automatic;gas;regular unleaded;Domestic;United States;Full-size pickup truck
401822611;Ford;F-150;2020;Limited 4dr SuperCrew 5.5 ft. SB (3.5L 6cyl Turbo 10A);Rapid Red Metallic Tinted Clearcoat;Camelback;Truck;5;232;80;76;145;9;rear wheel drive;10-speed shiftable automatic;gas;regular unleaded;Domestic;United States;Full-size pickup truck
401822615;Ford;F-150;2020;Limited 4dr SuperCrew 4WD 5.5 ft. SB (3.5L 6cyl Turbo 10A);Iconic Silver Metallic;Camelback;Truck;5;232;80;77;145;9;four wheel drive;10-speed shiftable automatic;gas;regular unleaded;Domestic;United States;Full-size pickup truck
200474303;Toyota;Prius;2016;Two 4dr Hatchback (1.8L 4cyl gas/electric hybrid CVT);Iconic Silver Metallic;Black;Hatchback;5;179;69;58;106;5;front wheel drive;continuously variable-speed automatic;hybrid;regular unleaded;Imported;Japan;Compact car
401611902;Toyota;Prius;2016;Two Eco 4dr Hatchback (1.8L 4cyl gas/electric hybrid CVT);Hypersonic Red;Black;Hatchback;5;179;69;58;106;5;front wheel drive;continuously variable-speed automatic;hybrid;regular unleaded;Imported;Japan;Compact car
401611903;Toyota;Prius;2016;Three 4dr Hatchback (1.8L 4cyl gas/electric hybrid CVT);Hypersonic Red;Black;Hatchback;5;179;69;58;106;5;front wheel drive;continuously variable-speed automatic;hybrid;regular unleaded;Imported;Japan;Compact car
401611904;Toyota;Prius;2016;Three Touring 4dr Hatchback (1.8L 4cyl gas/electric hybrid CVT);Hypersonic Red;Harvest Beige;Hatchback;5;179;69;58;106;5;front wheel drive;continuously variable-speed automatic;hybrid;regular unleaded;Imported;Japan;Compact car
401611905;Toyota;Prius;2016;Four 4dr Hatchback (1.8L 4cyl gas/electric hybrid CVT);Hypersonic Red;Harvest Beige;Hatchback;5;179;69;58;106;5;front wheel drive;continuously variable-speed automatic;hybrid;regular unleaded;Imported;Japan;Compact car
401611906;Toyota;Prius;2016;Four Touring 4dr Hatchback (1.8L 4cyl gas/electric hybrid CVT);Hypersonic Red;Harvest Beige;Hatchback;5;179;69;58;106;5;front wheel drive;continuously variable-speed automatic;hybrid;regular unleaded;Imported;Japan;Compact car
401709372;Toyota;Prius;2017;One 4dr Hatchback (1.8L 4cyl gas/electric hybrid CVT);Hypersonic Red;Moonstone;Hatchback;5;179;69;58;106;5;front wheel drive;continuously variable-speed automatic;hybrid;regular unleaded;Imported;Japan;Compact car
401658857;Toyota;Prius;2017;Two 4dr Hatchback (1.8L 4cyl gas/electric hybrid CVT);Blue Crush Metallic;Moonstone;Hatchback;5;179;69;58;106;5;front wheel drive;continuously variable-speed automatic;hybrid;regular unleaded;Imported;Japan;Compact car
401658853;Toyota;Prius;2017;Two Eco 4dr Hatchback (1.8L 4cyl gas/electric hybrid CVT);Blue Crush Metallic;Moonstone;Hatchback;5;179;69;58;106;5;front wheel drive;continuously variable-speed automatic;hybrid;regular unleaded;Imported;Japan;Compact car
401658855;Toyota;Prius;2017;Three 4dr Hatchback (1.8L 4cyl gas/electric hybrid CVT);Blue Crush Metallic;Moonstone;Hatchback;5;179;69;58;106;5;front wheel drive;continuously variable-speed automatic;hybrid;regular unleaded;Imported;Japan;Compact car
401658852;Toyota;Prius;2017;Three Touring 4dr Hatchback (1.8L 4cyl gas/electric hybrid CVT);Blue Crush Metallic;Moonstone;Hatchback;5;179;69;58;106;5;front wheel drive;continuously variable-speed automatic;hybrid;regular unleaded;Imported;Japan;Compact car
401658854;Toyota;Prius;2017;Four 4dr Hatchback (1.8L 4cyl gas/electric hybrid CVT);Blue Crush Metallic;Moonstone;Hatchback;5;179;69;58;106;5;front wheel drive;continuously variable-speed automatic;hybrid;regular unleaded;Imported;Japan;Compact car
401658856;Toyota;Prius;2017;Four Touring 4dr Hatchback (1.8L 4cyl gas/electric hybrid CVT);Blue Crush Metallic;Moonstone;Hatchback;5;179;69;58;106;5;front wheel drive;continuously variable-speed automatic;hybrid;regular unleaded;Imported;Japan;Compact car
401741147;Toyota;Prius;2018;One 4dr Hatchback (1.8L 4cyl gas/electric hybrid CVT);Blue Crush Metallic;Black;Hatchback;5;179;69;58;106;5;front wheel drive;continuously variable-speed automatic;hybrid;regular unleaded;Imported;Japan;Compact car
401741153;Toyota;Prius;2018;Two 4dr Hatchback (1.8L 4cyl gas/electric hybrid CVT);Midnight Black Metallic;Black;Hatchback;5;179;69;58;106;5;front wheel drive;continuously variable-speed automatic;hybrid;regular unleaded;Imported;Japan;Compact car
401741149;Toyota;Prius;2018;Two Eco 4dr Hatchback (1.8L 4cyl gas/electric hybrid CVT);Midnight Black Metallic;Black;Hatchback;5;179;69;58;106;5;front wheel drive;continuously variable-speed automatic;hybrid;regular unleaded;Imported;Japan;Compact car
401741151;Toyota;Prius;2018;Three 4dr Hatchback (1.8L 4cyl gas/electric hybrid CVT);Midnight Black Metallic;Black;Hatchback;5;179;69;58;106;5;front wheel drive;continuously variable-speed automatic;hybrid;regular unleaded;Imported;Japan;Compact car
401741148;Toyota;Prius;2018;Three Touring 4dr Hatchback (1.8L 4cyl gas/electric hybrid CVT);Midnight Black Metallic;Moonstone;Hatchback;5;179;69;58;106;5;front wheel drive;continuously variable-speed automatic;hybrid;regular unleaded;Imported;Japan;Compact car
401741150;Toyota;Prius;2018;Four 4dr Hatchback (1.8L 4cyl gas/electric hybrid CVT);Midnight Black Metallic;Moonstone;Hatchback;5;179;69;58;106;5;front wheel drive;continuously variable-speed automatic;hybrid;regular unleaded;Imported;Japan;Compact car
401741152;Toyota;Prius;2018;Four Touring 4dr Hatchback (1.8L 4cyl gas/electric hybrid CVT);Midnight Black Metallic;Moonstone;Hatchback;5;179;69;58;106;5;front wheel drive;continuously variable-speed automatic;hybrid;regular unleaded;Imported;Japan;Compact car
401780670;Toyota;Prius;2019;L Eco 4dr Hatchback (1.8L 4cyl gas/electric hybrid CVT);Midnight Black Metallic;Moonstone;Hatchback;5;180;69;58;106;5;front wheel drive;continuously variable-speed automatic;hybrid;regular unleaded;Imported;Japan;Compact car
401786991;Toyota;Prius;2019;LE 4dr Hatchback (1.8L 4cyl gas/electric hybrid CVT);Magnetic Gray Metallic;Harvest Beige;Hatchback;5;180;69;58;106;5;front wheel drive;continuously variable-speed automatic;hybrid;regular unleaded;Imported;Japan;Compact car
401787010;Toyota;Prius;2019;LE AWD-e 4dr Hatchback AWD (1.8L 4cyl gas/electric hybrid CVT);Magnetic Gray Metallic;Harvest Beige;Hatchback;5;180;69;58;106;5;all wheel drive;continuously variable-speed automatic;hybrid;regular unleaded;Imported;Japan;Compact car
401786989;Toyota;Prius;2019;Limited 4dr Hatchback (1.8L 4cyl gas/electric hybrid CVT);Magnetic Gray Metallic;Black;Hatchback;5;180;69;58;106;5;front wheel drive;continuously variable-speed automatic;hybrid;regular unleaded;Imported;Japan;Compact car
401786990;Toyota;Prius;2019;XLE 4dr Hatchback (1.8L 4cyl gas/electric hybrid CVT);Magnetic Gray Metallic;Black;Hatchback;5;180;69;58;106;5;front wheel drive;continuously variable-speed automatic;hybrid;regular unleaded;Imported;Japan;Compact car
401787009;Toyota;Prius;2019;XLE AWD-e 4dr Hatchback AWD (1.8L 4cyl gas/electric hybrid CVT);Magnetic Gray Metallic;Black;Hatchback;5;180;69;58;106;5;all wheel drive;continuously variable-speed automatic;hybrid;regular unleaded;Imported;Japan;Compact car
401819539;Toyota;Prius;2020;L Eco 4dr Hatchback (1.8L 4cyl gas/electric hybrid CVT);Magnetic Gray Metallic;Moonstone;Hatchback;5;180;69;58;106;5;front wheel drive;continuously variable-speed automatic;hybrid;regular unleaded;Imported;Japan;Compact car
401819541;Toyota;Prius;2020;LE 4dr Hatchback (1.8L 4cyl gas/electric hybrid CVT);Classic Silver Metallic;Moonstone;Hatchback;5;180;69;58;106;5;front wheel drive;continuously variable-speed automatic;hybrid;regular unleaded;Imported;Japan;Compact car
401819537;Toyota;Prius;2020;LE AWD-e 4dr Hatchback AWD (1.8L 4cyl gas/electric hybrid CVT);Classic Silver Metallic;Moonstone;Hatchback;5;180;69;58;106;5;all wheel drive;continuously variable-speed automatic;hybrid;regular unleaded;Imported;Japan;Compact car
401819540;Toyota;Prius;2020;XLE 4dr Hatchback (1.8L 4cyl gas/electric hybrid CVT);Classic Silver Metallic;Moonstone;Hatchback;5;180;69;58;106;5;front wheel drive;continuously variable-speed automatic;hybrid;regular unleaded;Imported;Japan;Compact car
401819538;Toyota;Prius;2020;XLE AWD-e 4dr Hatchback AWD (1.8L 4cyl gas/electric hybrid CVT);Classic Silver Metallic;Moonstone;Hatchback;5;180;69;58;106;5;all wheel drive;continuously variable-speed automatic;hybrid;regular unleaded;Imported;Japan;Compact car
401819542;Toyota;Prius;2020;Limited 4dr Hatchback (1.8L 4cyl gas/electric hybrid CVT);Classic Silver Metallic;Moonstone;Hatchback;5;180;69;58;106;5;front wheel drive;continuously variable-speed automatic;hybrid;regular unleaded;Imported;Japan;Compact car
